product name,price,shipping
"Ultra 6.7""HD Smart Phone 6800mAh Face ID Android10 4GB+64GB+128GB TF Card",$86.17,Free shipping
*NEW Apple iPhone 11 64GB (FACTORY UNLOCKED) Purple Colors! NEW ,$239.99,$15.99 shipping
Original Motorola RAZR V3 Flip Mobile Phone Unlocked Cellphone Camera  2G GSM,$25.26 to $26.59,$10.00 shipping
Smartphone Unlocked Dual Sim Android System 10.0 4G Mobile Cell Phone+Headset,$65.79,Free shipping
Apple iPhone 13 Pro Max - 512GB - Graphite (Unlocked) W/ Leather Case,$703.00,$22.00 shipping
LG V60 ThinQ 5G LMV600TM - 128GB - Classy Blue (US CELLULAR UNLOCK) (Single SIM),$215.00,$40.00 shipping
Apple iPhone 8 64GB Unlocked Smartphone AT&T Verizon T-Mobile Factory Unlocked,$135.99,$80.00 shipping
Samsung Galaxy S22Ultra 5G SM-R908N 256/512GB/1TB Unlocked Snapdragon ⭐Tracking⭐,"$953.35 to $1,329.49",Free shipping
Samsung Galaxy S10e SM-G970U1 - 128GB - All Colors - (Unlocked) - B Good,$109.99
Apple iPhone 13 Pro Max - 128gb - Factory Sealed - Factory Warranty - Unlocked!,"$1,074.99"
Google Pixel 4a - G025J - 128GB - Just Black - (Unlocked) - B Good,$129.99
Samsung Galaxy S22 Ultra 5G SM-S908U1 Factory Unlocked 256GB 512GB - All Colors,$899.99 to $974.99
S22 Face ID Ultra 5G 6.7&quot; Hd Smartphone 6800Mah Android10 4G+64G+128Gb Card,$91.10,$19.99 shipping
Dual Sim Unlocked Smartphone Android System 10.0 4G Mobile Cell Phone+Headset,$63.90,Free shipping
"6.7"" S22 Ultra 5G HD Smart Phone Android10 4GB+64GB+128GB TF Card 6800mA Face ID",$101.19,Free shipping
Apple iPhone 11 A2111 64/128/256GB Sprint Verizon T-Mobile AT&T Unlocked Good,$269.99 to $349.99
Apple iPhone 13 Pro - 256gb - Factory Sealed - Factory Warranty - UNLOCKED!,"$1,069.00"
Apple iPhone 12 - 64GB - Blue (Unlocked),$280.00
Samsung Galaxy Z Flip 3 5G | 128GB Factory Unlocked | All Colors | Excellent,$444.99
Apple iPhone 14 Pro or 14 Pro Max Unlocked with Physical Sim Card Preorder,"$1,771.34 to $2,396.87",$146.15 shipping
Apple iPhone 7 Unlocked Various Colors 32GB 128GB 256GB Smartphone Used ,$99.99 to $139.99,Free shipping
Apple iPhone 11 Pro Max - 256GB - Gold (T-Mobile UNLOCKED),$675.00,$21.00 shipping
Unlocked For BM30 Mini Cellphone Smallest Finger Size GSM Mobile Cell Phone,$14.59 to $14.86,$2.99 shipping
BlackBerry KEY2 LE (BBE100-4) 64GB (Unlocked) Dual SIM Smartphone- New Sealed,$425.00,Free shipping
Apple iPhone 14 Pro - 512GB - Deep Purple (Unlocked) Physical SIM + eSIM,"$1,899.95",$146.15 shipping
Unlocked Samsung Galaxy Ace S5830 5MP Camera Bluetooth 3.0 WIFI Cheap Smarphone,$20.90,$10.00 shipping
"LG V60 THINQ 5G LM-V600TM T-Mobile 128GB+8GB 6.8"" Factory Unlocked- New Sealed",$339.15,Free shipping
Pixel 128Gb Cleary White Sim-Free N05570,$176.06,$5.00 shipping
Sim-Free Arrows M03 Whiteday Smartphones Fujitsu Substance White Rom Tomorrow,$70.12,$5.00 shipping
Sim-Free Au Arrows We Fcg01 White,$136.11,$5.00 shipping
Verizon Prepaid - Samsung Galaxy A02s 32GB Memory Prepaid Smartphone - Black,$94.99,$21.00 shipping
UNLOCKED SONIM XP5520 BOLT SL MILITARY RUGGED CELL PHONE ROGERS TELUS BELL CHATR,$57.22,$78.28 shipping
iphone 4 4S 24ct gold edition,$97.37,$25.97 shipping
Nokia N Series N8-00 - 16GB - Dark Gray (Unlocked) Smartphone,$45.00,$1.00 shipping
Nokia Lumia 635 (RM-875) - 8GB - Blue Smartphone,$14.99,$13.00 shipping
Blackberry Key2 BBF100-9 Black 128GB+6GB RAM Android 8.1 Unlocked - New Unopened,$532.00,Free shipping
Original Unlocked Motorola Razr2 V8 - 2GB Flip GSM CellPhone Mobile Phone Gold,$47.49,$7.99 shipping
Sim-Free Sh-02J Aquos Ever Rose Pink Sim Unlocked Decision 16Gb Android Version,$57.49,$5.00 shipping
Safe White Rom Sim-Free Basio4 Kyv47 Winered Burgundy Easy Smartphone Au Within,$107.72,$5.00 shipping
"Sony Xperia Z5 Compact Z5 Mini E5823 Unlocked Cellphone 4.6"" 2GB+32GB 23MP Camer",$69.00 to $109.00,$12.00 shipping
"Apple iPhone 7 Plus 256GB A1661 (Unlocked) - C Grade, paint peel - WORKS GREAT!",$158.00,$25.00 shipping
UK BURNER CELLPHONE Samsung GT-E1080i Black Unlocked Pay-as-you-go  No SIM card,$3.95,$41.00 shipping
Lenovo 503LV Smartphone Windows 10 Mobile SoftBank Black unlocked NEW From JP,$58.99,Free shipping
SONY Xperia Ace III 3 64GB / 4GB Blue SIM Unlocked Y!mobile model w/ Box USED,$199.00,Free shipping
Samsung Galaxy Note9 SM-N960 - 128GB - Ocean Blue (AT&T) CHECK IMEI -PLEASE READ,$140.00,$20.00 shipping
LG Aristo 2 Plus 16GB Blue T-Mobile Android 4G LTE WiFi Smartphone- 1 Hour Usage,$32.99,$15.99 shipping
Fujitsu arrows We F-51B smart phone UNLOCKED SIM-FREE NAVY Unused from Japan,$320.00,Free shipping
